{"cameraMode":{"drawMode":0,"name":"Shaded","section":"Shading Mode"},"sceneLighting":false,"audioPlay":false,"sceneViewState":{"showFog":true,"showMaterialUpdate":false,"showSkybox":false,"showFlares":true,"showImageEffects":true,"showParticleSystems":true,"showVisualEffectGraphs":true,"m_FxEnabled":true},"in2DMode":false,"pivot":{"x":-0.0037419497966766359,"y":0.3724932372570038,"z":-0.0026400387287139894},"rotation":{"x":0.2903255522251129,"y":-0.4599013328552246,"z":0.16216686367988587,"w":0.8233552575111389},"size":0.4498646557331085,"orthographic":false}