{"cameraMode":{"drawMode":0,"name":"Shaded","section":"Shading Mode"},"sceneLighting":false,"audioPlay":false,"sceneViewState":{"showFog":true,"showMaterialUpdate":false,"showSkybox":false,"showFlares":true,"showImageEffects":true,"showParticleSystems":true,"showVisualEffectGraphs":true,"m_FxEnabled":true},"in2DMode":false,"pivot":{"x":0.0031875669956207277,"y":0.21224379539489747,"z":0.0006985068321228027},"rotation":{"x":0.2903255522251129,"y":-0.4599013328552246,"z":0.16216686367988587,"w":0.8233552575111389},"size":0.3692401349544525,"orthographic":false}