{"cameraMode":{"drawMode":0,"name":"Shaded","section":"Shading Mode"},"sceneLighting":false,"audioPlay":false,"sceneViewState":{"showFog":true,"showMaterialUpdate":false,"showSkybox":false,"showFlares":true,"showImageEffects":true,"showParticleSystems":true,"showVisualEffectGraphs":true,"m_FxEnabled":true},"in2DMode":false,"pivot":{"x":0.00016866624355316162,"y":0.2752610445022583,"z":-0.000050591304898262024},"rotation":{"x":0.2903255522251129,"y":-0.4599013328552246,"z":0.16216686367988587,"w":0.8233552575111389},"size":0.2922936677932739,"orthographic":false}