{"cameraMode":{"drawMode":0,"name":"Shaded","section":"Shading Mode"},"sceneLighting":false,"audioPlay":false,"sceneViewState":{"showFog":true,"showMaterialUpdate":false,"showSkybox":false,"showFlares":true,"showImageEffects":true,"showParticleSystems":true,"showVisualEffectGraphs":true,"m_FxEnabled":true},"in2DMode":false,"pivot":{"x":0.0088578462600708,"y":0.22326958179473878,"z":-0.04412928223609924},"rotation":{"x":0.2903255522251129,"y":-0.4599013328552246,"z":0.16216686367988587,"w":0.8233552575111389},"size":0.5303101539611816,"orthographic":false}